{"Working":true,"Classifier":false,"Best_Forest":[{"Value":[77.683999999999997,155.36799999999999,233.05199999999999,310.73599999999999,388.41999999999996],"Data_Type":"Double","Res_Probs":[0.20000000000000001,0.5,0.20000000000000001,0.10000000000000001],"Res_Type":"Double","Res":[1.0900000000000001,1.1000000000000001,1.1100000000000001,1.0800000000000001],"Children":[{"Value":[],"Data_Type":"nil","Res_Probs":[],"Res_Type":"nil","Res":[],"Children":null,"Valid":false,"Hash":-1},{"Value":[132.19810000000001,264.39620000000002],"Data_Type":"Double","Res_Probs":[0.66666666666666663,0.33333333333333331],"Res_Type":"Double","Res":[1.0900000000000001,1.1100000000000001],"Children":[{"Value":[128.92749499999999,257.85498999999999],"Data_Type":"Double","Res_Probs":[0.5,0.5],"Res_Type":"Double","Res":[1.0900000000000001,1.1100000000000001],"Children":[{"Value":[],"Data_Type":"nil","Res_Probs":[],"Res_Type":"nil","Res":[],"Children":null,"Valid":false,"Hash":-1},{"Value":[],"Data_Type":"nil","Res_Probs":[],"Res_Type":"nil","Res":[],"Children":null,"Valid":false,"Hash":-1}],"Valid":true,"Hash":10},{"Value":[],"Data_Type":"nil","Res_Probs":[1],"Res_Type":"Double","Res":[1.0900000000000001],"Children":null,"Valid":true,"Hash":-1}],"Valid":true,"Hash":7},{"Value":[],"Data_Type":"nil","Res_Probs":[1],"Res_Type":"Double","Res":[1.1000000000000001],"Children":null,"Valid":true,"Hash":-1},{"Value":[251.38200499999999,502.76400999999998],"Data_Type":"Double","Res_Probs":[0.33333333333333331,0.33333333333333331,0.33333333333333331],"Res_Type":"Double","Res":[1.1000000000000001,1.1100000000000001,1.0800000000000001],"Children":[{"Value":[241.76499999999999,483.52999999999997],"Data_Type":"Double","Res_Probs":[0.5,0.5],"Res_Type":"Double","Res":[1.1100000000000001,1.0800000000000001],"Children":[{"Value":[],"Data_Type":"nil","Res_Probs":[],"Res_Type":"nil","Res":[],"Children":null,"Valid":false,"Hash":-1},{"Value":[],"Data_Type":"nil","Res_Probs":[],"Res_Type":"nil","Res":[],"Children":null,"Valid":false,"Hash":-1}],"Valid":true,"Hash":10},{"Value":[],"Data_Type":"nil","Res_Probs":[1],"Res_Type":"Double","Res":[1.1000000000000001],"Children":null,"Valid":true,"Hash":-1}],"Valid":true,"Hash":7},{"Value":[],"Data_Type":"nil","Res_Probs":[],"Res_Type":"nil","Res":[],"Children":null,"Valid":false,"Hash":-1}],"Valid":true,"Hash":5},{"Value":[77.272062000000005,154.54412400000001,231.81618600000002,309.08824800000002,386.36031000000003],"Data_Type":"Double","Res_Probs":[0.20000000000000001,0.5,0.20000000000000001,0.10000000000000001],"Res_Type":"Double","Res":[1.0900000000000001,1.1000000000000001,1.1100000000000001,1.0800000000000001],"Children":[{"Value":[],"Data_Type":"nil","Res_Probs":[],"Res_Type":"nil","Res":[],"Children":null,"Valid":false,"Hash":-1},{"Value":[132.450005,264.90001000000001],"Data_Type":"Double","Res_Probs":[0.66666666666666663,0.33333333333333331],"Res_Type":"Double","Res":[1.0900000000000001,1.1100000000000001],"Children":[{"Value":[128.92749499999999,257.85498999999999],"Data_Type":"Double","Res_Probs":[0.5,0.5],"Res_Type":"Double","Res":[1.0900000000000001,1.1100000000000001],"Children":[{"Value":[],"Data_Type":"nil","Res_Probs":[],"Res_Type":"nil","Res":[],"Children":null,"Valid":false,"Hash":-1},{"Value":[],"Data_Type":"nil","Res_Probs":[],"Res_Type":"nil","Res":[],"Children":null,"Valid":false,"Hash":-1}],"Valid":true,"Hash":10},{"Value":[],"Data_Type":"nil","Res_Probs":[1],"Res_Type":"Double","Res":[1.0900000000000001],"Children":null,"Valid":true,"Hash":-1}],"Valid":true,"Hash":5},{"Value":[],"Data_Type":"nil","Res_Probs":[1],"Res_Type":"Double","Res":[1.1000000000000001],"Children":null,"Valid":true,"Hash":-1},{"Value":[249.40499999999997,498.80999999999995],"Data_Type":"Double","Res_Probs":[0.33333333333333331,0.33333333333333331,0.33333333333333331],"Res_Type":"Double","Res":[1.1000000000000001,1.1100000000000001,1.0800000000000001],"Children":[{"Value":[241.76499999999999,483.52999999999997],"Data_Type":"Double","Res_Probs":[0.5,0.5],"Res_Type":"Double","Res":[1.1100000000000001,1.0800000000000001],"Children":[{"Value":[],"Data_Type":"nil","Res_Probs":[],"Res_Type":"nil","Res":[],"Children":null,"Valid":false,"Hash":-1},{"Value":[],"Data_Type":"nil","Res_Probs":[],"Res_Type":"nil","Res":[],"Children":null,"Valid":false,"Hash":-1}],"Valid":true,"Hash":10},{"Value":[],"Data_Type":"nil","Res_Probs":[1],"Res_Type":"Double","Res":[1.1000000000000001],"Children":null,"Valid":true,"Hash":-1}],"Valid":true,"Hash":5},{"Value":[],"Data_Type":"nil","Res_Probs":[],"Res_Type":"nil","Res":[],"Children":null,"Valid":false,"Hash":-1}],"Valid":true,"Hash":4},{"Value":[77.754521999999994,155.50904399999999,233.26356599999997,311.01808799999998,388.77260999999999],"Data_Type":"Double","Res_Probs":[0.20000000000000001,0.5,0.20000000000000001,0.10000000000000001],"Res_Type":"Double","Res":[1.0900000000000001,1.1000000000000001,1.1100000000000001,1.0800000000000001],"Children":[{"Value":[],"Data_Type":"nil","Res_Probs":[],"Res_Type":"nil","Res":[],"Children":null,"Valid":false,"Hash":-1},{"Value":[132.16,264.31999999999999],"Data_Type":"Double","Res_Probs":[0.66666666666666663,0.33333333333333331],"Res_Type":"Double","Res":[1.0900000000000001,1.1100000000000001],"Children":[{"Value":[127.94120000000001,255.88240000000002],"Data_Type":"Double","Res_Probs":[0.5,0.5],"Res_Type":"Double","Res":[1.0900000000000001,1.1100000000000001],"Children":[{"Value":[],"Data_Type":"nil","Res_Probs":[],"Res_Type":"nil","Res":[],"Children":null,"Valid":false,"Hash":-1},{"Value":[],"Data_Type":"nil","Res_Probs":[],"Res_Type":"nil","Res":[],"Children":null,"Valid":false,"Hash":-1}],"Valid":true,"Hash":6},{"Value":[],"Data_Type":"nil","Res_Probs":[1],"Res_Type":"Double","Res":[1.0900000000000001],"Children":null,"Valid":true,"Hash":-1}],"Valid":true,"Hash":3},{"Value":[],"Data_Type":"nil","Res_Probs":[1],"Res_Type":"Double","Res":[1.1000000000000001],"Children":null,"Valid":true,"Hash":-1},{"Value":[248.30625499999999,496.61250999999999],"Data_Type":"Double","Res_Probs":[0.33333333333333331,0.33333333333333331,0.33333333333333331],"Res_Type":"Double","Res":[1.1000000000000001,1.1100000000000001,1.0800000000000001],"Children":[{"Value":[242.178845,484.35768999999999],"Data_Type":"Double","Res_Probs":[0.5,0.5],"Res_Type":"Double","Res":[1.1100000000000001,1.0800000000000001],"Children":[{"Value":[],"Data_Type":"nil","Res_Probs":[],"Res_Type":"nil","Res":[],"Children":null,"Valid":false,"Hash":-1},{"Value":[],"Data_Type":"nil","Res_Probs":[],"Res_Type":"nil","Res":[],"Children":null,"Valid":false,"Hash":-1}],"Valid":true,"Hash":6},{"Value":[],"Data_Type":"nil","Res_Probs":[1],"Res_Type":"Double","Res":[1.1000000000000001],"Children":null,"Valid":true,"Hash":-1}],"Valid":true,"Hash":3},{"Value":[],"Data_Type":"nil","Res_Probs":[],"Res_Type":"nil","Res":[],"Children":null,"Valid":false,"Hash":-1}],"Valid":true,"Hash":1},{"Value":[77.79504,155.59008,233.38512,311.18016,388.97519999999997],"Data_Type":"Double","Res_Probs":[0.20000000000000001,0.5,0.20000000000000001,0.10000000000000001],"Res_Type":"Double","Res":[1.0900000000000001,1.1000000000000001,1.1100000000000001,1.0800000000000001],"Children":[{"Value":[],"Data_Type":"nil","Res_Probs":[],"Res_Type":"nil","Res":[],"Children":null,"Valid":false,"Hash":-1},{"Value":[132.59014999999999,265.18029999999999],"Data_Type":"Double","Res_Probs":[0.66666666666666663,0.33333333333333331],"Res_Type":"Double","Res":[1.0900000000000001,1.1100000000000001],"Children":[{"Value":[128.92749499999999,257.85498999999999],"Data_Type":"Double","Res_Probs":[0.5,0.5],"Res_Type":"Double","Res":[1.0900000000000001,1.1100000000000001],"Children":[{"Value":[],"Data_Type":"nil","Res_Probs":[],"Res_Type":"nil","Res":[],"Children":null,"Valid":false,"Hash":-1},{"Value":[],"Data_Type":"nil","Res_Probs":[],"Res_Type":"nil","Res":[],"Children":null,"Valid":false,"Hash":-1}],"Valid":true,"Hash":10},{"Value":[],"Data_Type":"nil","Res_Probs":[1],"Res_Type":"Double","Res":[1.0900000000000001],"Children":null,"Valid":true,"Hash":-1}],"Valid":true,"Hash":4},{"Value":[],"Data_Type":"nil","Res_Probs":[1],"Res_Type":"Double","Res":[1.1000000000000001],"Children":null,"Valid":true,"Hash":-1},{"Value":[248.98005499999999,497.96010999999999],"Data_Type":"Double","Res_Probs":[0.33333333333333331,0.33333333333333331,0.33333333333333331],"Res_Type":"Double","Res":[1.1000000000000001,1.1100000000000001,1.0800000000000001],"Children":[{"Value":[241.76499999999999,483.52999999999997],"Data_Type":"Double","Res_Probs":[0.5,0.5],"Res_Type":"Double","Res":[1.1100000000000001,1.0800000000000001],"Children":[{"Value":[],"Data_Type":"nil","Res_Probs":[],"Res_Type":"nil","Res":[],"Children":null,"Valid":false,"Hash":-1},{"Value":[],"Data_Type":"nil","Res_Probs":[],"Res_Type":"nil","Res":[],"Children":null,"Valid":false,"Hash":-1}],"Valid":true,"Hash":10},{"Value":[],"Data_Type":"nil","Res_Probs":[1],"Res_Type":"Double","Res":[1.1000000000000001],"Children":null,"Valid":true,"Hash":-1}],"Valid":true,"Hash":4},{"Value":[],"Data_Type":"nil","Res_Probs":[],"Res_Type":"nil","Res":[],"Children":null,"Valid":false,"Hash":-1}],"Valid":true,"Hash":2},{"Value":[77.754521999999994,155.50904399999999,233.26356599999997,311.01808799999998,388.77260999999999],"Data_Type":"Double","Res_Probs":[0.20000000000000001,0.5,0.20000000000000001,0.10000000000000001],"Res_Type":"Double","Res":[1.0900000000000001,1.1000000000000001,1.1100000000000001,1.0800000000000001],"Children":[{"Value":[],"Data_Type":"nil","Res_Probs":[],"Res_Type":"nil","Res":[],"Children":null,"Valid":false,"Hash":-1},{"Value":[132.450005,264.90001000000001],"Data_Type":"Double","Res_Probs":[0.66666666666666663,0.33333333333333331],"Res_Type":"Double","Res":[1.0900000000000001,1.1100000000000001],"Children":[{"Value":[128.31100000000001,256.62200000000001],"Data_Type":"Double","Res_Probs":[0.5,0.5],"Res_Type":"Double","Res":[1.0900000000000001,1.1100000000000001],"Children":[{"Value":[],"Data_Type":"nil","Res_Probs":[],"Res_Type":"nil","Res":[],"Children":null,"Valid":false,"Hash":-1},{"Value":[],"Data_Type":"nil","Res_Probs":[],"Res_Type":"nil","Res":[],"Children":null,"Valid":false,"Hash":-1}],"Valid":true,"Hash":8},{"Value":[],"Data_Type":"nil","Res_Probs":[1],"Res_Type":"Double","Res":[1.0900000000000001],"Children":null,"Valid":true,"Hash":-1}],"Valid":true,"Hash":5},{"Value":[],"Data_Type":"nil","Res_Probs":[1],"Res_Type":"Double","Res":[1.1000000000000001],"Children":null,"Valid":true,"Hash":-1},{"Value":[249.40499999999997,498.80999999999995],"Data_Type":"Double","Res_Probs":[0.33333333333333331,0.33333333333333331,0.33333333333333331],"Res_Type":"Double","Res":[1.1000000000000001,1.1100000000000001,1.0800000000000001],"Children":[{"Value":[243.15249499999999,486.30498999999998],"Data_Type":"Double","Res_Probs":[0.5,0.5],"Res_Type":"Double","Res":[1.1100000000000001,1.0800000000000001],"Children":[{"Value":[],"Data_Type":"nil","Res_Probs":[],"Res_Type":"nil","Res":[],"Children":null,"Valid":false,"Hash":-1},{"Value":[],"Data_Type":"nil","Res_Probs":[],"Res_Type":"nil","Res":[],"Children":null,"Valid":false,"Hash":-1}],"Valid":true,"Hash":8},{"Value":[],"Data_Type":"nil","Res_Probs":[1],"Res_Type":"Double","Res":[1.1000000000000001],"Children":null,"Valid":true,"Hash":-1}],"Valid":true,"Hash":5},{"Value":[],"Data_Type":"nil","Res_Probs":[],"Res_Type":"nil","Res":[],"Children":null,"Valid":false,"Hash":-1}],"Valid":true,"Hash":1},{"Value":[80.318399999999997,160.63679999999999,240.95519999999999,321.27359999999999,401.59199999999998],"Data_Type":"Double","Res_Probs":[0.59999999999999998,0.10000000000000001,0.29999999999999999],"Res_Type":"Double","Res":[1.1000000000000001,1.0900000000000001,1.1100000000000001],"Children":[{"Value":[],"Data_Type":"nil","Res_Probs":[],"Res_Type":"nil","Res":[],"Children":null,"Valid":false,"Hash":-1},{"Value":[133.397605,266.79521],"Data_Type":"Double","Res_Probs":[0.5,0.5],"Res_Type":"Double","Res":[1.0900000000000001,1.1100000000000001],"Children":[{"Value":[],"Data_Type":"nil","Res_Probs":[1],"Res_Type":"Double","Res":[1.1100000000000001],"Children":null,"Valid":true,"Hash":-1},{"Value":[],"Data_Type":"nil","Res_Probs":[1],"Res_Type":"Double","Res":[1.0900000000000001],"Children":null,"Valid":true,"Hash":-1}],"Valid":true,"Hash":2},{"Value":[],"Data_Type":"nil","Res_Probs":[1],"Res_Type":"Double","Res":[1.1000000000000001],"Children":null,"Valid":true,"Hash":-1},{"Value":[256.44880000000001,512.89760000000001],"Data_Type":"Double","Res_Probs":[0.5,0.5],"Res_Type":"Double","Res":[1.1000000000000001,1.1100000000000001],"Children":[{"Value":[],"Data_Type":"nil","Res_Probs":[1],"Res_Type":"Double","Res":[1.1100000000000001],"Children":null,"Valid":true,"Hash":-1},{"Value":[],"Data_Type":"nil","Res_Probs":[1],"Res_Type":"Double","Res":[1.1000000000000001],"Children":null,"Valid":true,"Hash":-1}],"Valid":true,"Hash":2},{"Value":[],"Data_Type":"nil","Res_Probs":[],"Res_Type":"nil","Res":[],"Children":null,"Valid":false,"Hash":-1}],"Valid":true,"Hash":7},{"Value":[79.941919999999996,159.88383999999999,239.82576,319.76767999999998,399.70959999999997],"Data_Type":"Double","Res_Probs":[0.59999999999999998,0.10000000000000001,0.29999999999999999],"Res_Type":"Double","Res":[1.1000000000000001,1.0900000000000001,1.1100000000000001],"Children":[{"Value":[],"Data_Type":"nil","Res_Probs":[],"Res_Type":"nil","Res":[],"Children":null,"Valid":false,"Hash":-1},{"Value":[133.397605,266.79521],"Data_Type":"Double","Res_Probs":[0.5,0.5],"Res_Type":"Double","Res":[1.0900000000000001,1.1100000000000001],"Children":[{"Value":[],"Data_Type":"nil","Res_Probs":[1],"Res_Type":"Double","Res":[1.1100000000000001],"Children":null,"Valid":true,"Hash":-1},{"Value":[],"Data_Type":"nil","Res_Probs":[1],"Res_Type":"Double","Res":[1.0900000000000001],"Children":null,"Valid":true,"Hash":-1}],"Valid":true,"Hash":2},{"Value":[],"Data_Type":"nil","Res_Probs":[1],"Res_Type":"Double","Res":[1.1000000000000001],"Children":null,"Valid":true,"Hash":-1},{"Value":[256.44880000000001,512.89760000000001],"Data_Type":"Double","Res_Probs":[0.5,0.5],"Res_Type":"Double","Res":[1.1000000000000001,1.1100000000000001],"Children":[{"Value":[],"Data_Type":"nil","Res_Probs":[1],"Res_Type":"Double","Res":[1.1100000000000001],"Children":null,"Valid":true,"Hash":-1},{"Value":[],"Data_Type":"nil","Res_Probs":[1],"Res_Type":"Double","Res":[1.1000000000000001],"Children":null,"Valid":true,"Hash":-1}],"Valid":true,"Hash":2},{"Value":[],"Data_Type":"nil","Res_Probs":[],"Res_Type":"nil","Res":[],"Children":null,"Valid":false,"Hash":-1}],"Valid":true,"Hash":3},{"Value":[80.318399999999997,160.63679999999999,240.95519999999999,321.27359999999999,401.59199999999998],"Data_Type":"Double","Res_Probs":[0.59999999999999998,0.10000000000000001,0.29999999999999999],"Res_Type":"Double","Res":[1.1000000000000001,1.0900000000000001,1.1100000000000001],"Children":[{"Value":[],"Data_Type":"nil","Res_Probs":[],"Res_Type":"nil","Res":[],"Children":null,"Valid":false,"Hash":-1},{"Value":[132.59014999999999,265.18029999999999],"Data_Type":"Double","Res_Probs":[0.5,0.5],"Res_Type":"Double","Res":[1.0900000000000001,1.1100000000000001],"Children":[{"Value":[],"Data_Type":"nil","Res_Probs":[1],"Res_Type":"Double","Res":[1.1100000000000001],"Children":null,"Valid":true,"Hash":-1},{"Value":[],"Data_Type":"nil","Res_Probs":[1],"Res_Type":"Double","Res":[1.0900000000000001],"Children":null,"Valid":true,"Hash":-1}],"Valid":true,"Hash":4},{"Value":[],"Data_Type":"nil","Res_Probs":[1],"Res_Type":"Double","Res":[1.1000000000000001],"Children":null,"Valid":true,"Hash":-1},{"Value":[256.50504999999998,513.01009999999997],"Data_Type":"Double","Res_Probs":[0.5,0.5],"Res_Type":"Double","Res":[1.1000000000000001,1.1100000000000001],"Children":[{"Value":[],"Data_Type":"nil","Res_Probs":[1],"Res_Type":"Double","Res":[1.1100000000000001],"Children":null,"Valid":true,"Hash":-1},{"Value":[],"Data_Type":"nil","Res_Probs":[1],"Res_Type":"Double","Res":[1.1000000000000001],"Children":null,"Valid":true,"Hash":-1}],"Valid":true,"Hash":4},{"Value":[],"Data_Type":"nil","Res_Probs":[],"Res_Type":"nil","Res":[],"Children":null,"Valid":false,"Hash":-1}],"Valid":true,"Hash":7},{"Value":[80.631,161.262,241.893,322.524,403.15499999999997],"Data_Type":"Double","Res_Probs":[0.59999999999999998,0.10000000000000001,0.29999999999999999],"Res_Type":"Double","Res":[1.1000000000000001,1.0900000000000001,1.1100000000000001],"Children":[{"Value":[],"Data_Type":"nil","Res_Probs":[],"Res_Type":"nil","Res":[],"Children":null,"Valid":false,"Hash":-1},{"Value":[133.7064,267.4128],"Data_Type":"Double","Res_Probs":[0.5,0.5],"Res_Type":"Double","Res":[1.0900000000000001,1.1100000000000001],"Children":[{"Value":[],"Data_Type":"nil","Res_Probs":[1],"Res_Type":"Double","Res":[1.1100000000000001],"Children":null,"Valid":true,"Hash":-1},{"Value":[],"Data_Type":"nil","Res_Probs":[1],"Res_Type":"Double","Res":[1.0900000000000001],"Children":null,"Valid":true,"Hash":-1}],"Valid":true,"Hash":1},{"Value":[],"Data_Type":"nil","Res_Probs":[1],"Res_Type":"Double","Res":[1.1000000000000001],"Children":null,"Valid":true,"Hash":-1},{"Value":[256.14419500000002,512.28839000000005],"Data_Type":"Double","Res_Probs":[0.5,0.5],"Res_Type":"Double","Res":[1.1000000000000001,1.1100000000000001],"Children":[{"Value":[],"Data_Type":"nil","Res_Probs":[1],"Res_Type":"Double","Res":[1.1100000000000001],"Children":null,"Valid":true,"Hash":-1},{"Value":[],"Data_Type":"nil","Res_Probs":[1],"Res_Type":"Double","Res":[1.1000000000000001],"Children":null,"Valid":true,"Hash":-1}],"Valid":true,"Hash":1},{"Value":[],"Data_Type":"nil","Res_Probs":[],"Res_Type":"nil","Res":[],"Children":null,"Valid":false,"Hash":-1}],"Valid":true,"Hash":10},{"Value":[80.684002000000007,161.36800400000001,242.05200600000001,322.73600800000003,403.42001000000005],"Data_Type":"Double","Res_Probs":[0.59999999999999998,0.10000000000000001,0.29999999999999999],"Res_Type":"Double","Res":[1.1000000000000001,1.0900000000000001,1.1100000000000001],"Children":[{"Value":[],"Data_Type":"nil","Res_Probs":[],"Res_Type":"nil","Res":[],"Children":null,"Valid":false,"Hash":-1},{"Value":[133.397605,266.79521],"Data_Type":"Double","Res_Probs":[0.5,0.5],"Res_Type":"Double","Res":[1.0900000000000001,1.1100000000000001],"Children":[{"Value":[],"Data_Type":"nil","Res_Probs":[1],"Res_Type":"Double","Res":[1.1100000000000001],"Children":null,"Valid":true,"Hash":-1},{"Value":[],"Data_Type":"nil","Res_Probs":[1],"Res_Type":"Double","Res":[1.0900000000000001],"Children":null,"Valid":true,"Hash":-1}],"Valid":true,"Hash":2},{"Value":[],"Data_Type":"nil","Res_Probs":[1],"Res_Type":"Double","Res":[1.1000000000000001],"Children":null,"Valid":true,"Hash":-1},{"Value":[256.44880000000001,512.89760000000001],"Data_Type":"Double","Res_Probs":[0.5,0.5],"Res_Type":"Double","Res":[1.1000000000000001,1.1100000000000001],"Children":[{"Value":[],"Data_Type":"nil","Res_Probs":[1],"Res_Type":"Double","Res":[1.1100000000000001],"Children":null,"Valid":true,"Hash":-1},{"Value":[],"Data_Type":"nil","Res_Probs":[1],"Res_Type":"Double","Res":[1.1000000000000001],"Children":null,"Valid":true,"Hash":-1}],"Valid":true,"Hash":2},{"Value":[],"Data_Type":"nil","Res_Probs":[],"Res_Type":"nil","Res":[],"Children":null,"Valid":false,"Hash":-1}],"Valid":true,"Hash":9},{"Value":[80.318399999999997,160.63679999999999,240.95519999999999,321.27359999999999,401.59199999999998],"Data_Type":"Double","Res_Probs":[0.59999999999999998,0.10000000000000001,0.29999999999999999],"Res_Type":"Double","Res":[1.1000000000000001,1.0900000000000001,1.1100000000000001],"Children":[{"Value":[],"Data_Type":"nil","Res_Probs":[],"Res_Type":"nil","Res":[],"Children":null,"Valid":false,"Hash":-1},{"Value":[132.450005,264.90001000000001],"Data_Type":"Double","Res_Probs":[0.5,0.5],"Res_Type":"Double","Res":[1.0900000000000001,1.1100000000000001],"Children":[{"Value":[],"Data_Type":"nil","Res_Probs":[1],"Res_Type":"Double","Res":[1.1100000000000001],"Children":null,"Valid":true,"Hash":-1},{"Value":[],"Data_Type":"nil","Res_Probs":[1],"Res_Type":"Double","Res":[1.0900000000000001],"Children":null,"Valid":true,"Hash":-1}],"Valid":true,"Hash":5},{"Value":[],"Data_Type":"nil","Res_Probs":[1],"Res_Type":"Double","Res":[1.1000000000000001],"Children":null,"Valid":true,"Hash":-1},{"Value":[254.36000000000001,508.72000000000003],"Data_Type":"Double","Res_Probs":[0.5,0.5],"Res_Type":"Double","Res":[1.1000000000000001,1.1100000000000001],"Children":[{"Value":[],"Data_Type":"nil","Res_Probs":[1],"Res_Type":"Double","Res":[1.1100000000000001],"Children":null,"Valid":true,"Hash":-1},{"Value":[],"Data_Type":"nil","Res_Probs":[1],"Res_Type":"Double","Res":[1.1000000000000001],"Children":null,"Valid":true,"Hash":-1}],"Valid":true,"Hash":5},{"Value":[],"Data_Type":"nil","Res_Probs":[],"Res_Type":"nil","Res":[],"Children":null,"Valid":false,"Hash":-1}],"Valid":true,"Hash":7},{"Value":[79.941919999999996,159.88383999999999,239.82576,319.76767999999998,399.70959999999997],"Data_Type":"Double","Res_Probs":[0.59999999999999998,0.10000000000000001,0.29999999999999999],"Res_Type":"Double","Res":[1.1000000000000001,1.0900000000000001,1.1100000000000001],"Children":[{"Value":[],"Data_Type":"nil","Res_Probs":[],"Res_Type":"nil","Res":[],"Children":null,"Valid":false,"Hash":-1},{"Value":[132.19999999999999,264.39999999999998],"Data_Type":"Double","Res_Probs":[0.5,0.5],"Res_Type":"Double","Res":[1.0900000000000001,1.1100000000000001],"Children":[{"Value":[],"Data_Type":"nil","Res_Probs":[1],"Res_Type":"Double","Res":[1.1100000000000001],"Children":null,"Valid":true,"Hash":-1},{"Value":[],"Data_Type":"nil","Res_Probs":[1],"Res_Type":"Double","Res":[1.0900000000000001],"Children":null,"Valid":true,"Hash":-1}],"Valid":true,"Hash":8},{"Value":[],"Data_Type":"nil","Res_Probs":[1],"Res_Type":"Double","Res":[1.1000000000000001],"Children":null,"Valid":true,"Hash":-1},{"Value":[260.02214499999997,520.04428999999993],"Data_Type":"Double","Res_Probs":[0.5,0.5],"Res_Type":"Double","Res":[1.1000000000000001,1.1100000000000001],"Children":[{"Value":[],"Data_Type":"nil","Res_Probs":[1],"Res_Type":"Double","Res":[1.1100000000000001],"Children":null,"Valid":true,"Hash":-1},{"Value":[],"Data_Type":"nil","Res_Probs":[1],"Res_Type":"Double","Res":[1.1000000000000001],"Children":null,"Valid":true,"Hash":-1}],"Valid":true,"Hash":8},{"Value":[],"Data_Type":"nil","Res_Probs":[],"Res_Type":"nil","Res":[],"Children":null,"Valid":false,"Hash":-1}],"Valid":true,"Hash":3},{"Value":[80.313997999999998,160.627996,240.94199399999999,321.25599199999999,401.56998999999996],"Data_Type":"Double","Res_Probs":[0.59999999999999998,0.10000000000000001,0.29999999999999999],"Res_Type":"Double","Res":[1.1000000000000001,1.0900000000000001,1.1100000000000001],"Children":[{"Value":[],"Data_Type":"nil","Res_Probs":[],"Res_Type":"nil","Res":[],"Children":null,"Valid":false,"Hash":-1},{"Value":[133.7064,267.4128],"Data_Type":"Double","Res_Probs":[0.5,0.5],"Res_Type":"Double","Res":[1.0900000000000001,1.1100000000000001],"Children":[{"Value":[],"Data_Type":"nil","Res_Probs":[1],"Res_Type":"Double","Res":[1.1100000000000001],"Children":null,"Valid":true,"Hash":-1},{"Value":[],"Data_Type":"nil","Res_Probs":[1],"Res_Type":"Double","Res":[1.0900000000000001],"Children":null,"Valid":true,"Hash":-1}],"Valid":true,"Hash":1},{"Value":[],"Data_Type":"nil","Res_Probs":[1],"Res_Type":"Double","Res":[1.1000000000000001],"Children":null,"Valid":true,"Hash":-1},{"Value":[256.14419500000002,512.28839000000005],"Data_Type":"Double","Res_Probs":[0.5,0.5],"Res_Type":"Double","Res":[1.1000000000000001,1.1100000000000001],"Children":[{"Value":[],"Data_Type":"nil","Res_Probs":[1],"Res_Type":"Double","Res":[1.1100000000000001],"Children":null,"Valid":true,"Hash":-1},{"Value":[],"Data_Type":"nil","Res_Probs":[1],"Res_Type":"Double","Res":[1.1000000000000001],"Children":null,"Valid":true,"Hash":-1}],"Valid":true,"Hash":1},{"Value":[],"Data_Type":"nil","Res_Probs":[],"Res_Type":"nil","Res":[],"Children":null,"Valid":false,"Hash":-1}],"Valid":true,"Hash":6},{"Value":[80.529859999999999,161.05972,241.58958000000001,322.11944,402.64929999999998],"Data_Type":"Double","Res_Probs":[0.59999999999999998,0.10000000000000001,0.29999999999999999],"Res_Type":"Double","Res":[1.1000000000000001,1.0900000000000001,1.1100000000000001],"Children":[{"Value":[],"Data_Type":"nil","Res_Probs":[],"Res_Type":"nil","Res":[],"Children":null,"Valid":false,"Hash":-1},{"Value":[133.04750000000001,266.09500000000003],"Data_Type":"Double","Res_Probs":[0.5,0.5],"Res_Type":"Double","Res":[1.0900000000000001,1.1100000000000001],"Children":[{"Value":[],"Data_Type":"nil","Res_Probs":[1],"Res_Type":"Double","Res":[1.1100000000000001],"Children":null,"Valid":true,"Hash":-1},{"Value":[],"Data_Type":"nil","Res_Probs":[1],"Res_Type":"Double","Res":[1.0900000000000001],"Children":null,"Valid":true,"Hash":-1}],"Valid":true,"Hash":9},{"Value":[],"Data_Type":"nil","Res_Probs":[1],"Res_Type":"Double","Res":[1.1000000000000001],"Children":null,"Valid":true,"Hash":-1},{"Value":[259.05500499999999,518.11000999999999],"Data_Type":"Double","Res_Probs":[0.5,0.5],"Res_Type":"Double","Res":[1.1000000000000001,1.1100000000000001],"Children":[{"Value":[],"Data_Type":"nil","Res_Probs":[1],"Res_Type":"Double","Res":[1.1100000000000001],"Children":null,"Valid":true,"Hash":-1},{"Value":[],"Data_Type":"nil","Res_Probs":[1],"Res_Type":"Double","Res":[1.1000000000000001],"Children":null,"Valid":true,"Hash":-1}],"Valid":true,"Hash":9},{"Value":[],"Data_Type":"nil","Res_Probs":[],"Res_Type":"nil","Res":[],"Children":null,"Valid":false,"Hash":-1}],"Valid":true,"Hash":8},{"Value":[80.529859999999999,161.05972,241.58958000000001,322.11944,402.64929999999998],"Data_Type":"Double","Res_Probs":[0.59999999999999998,0.10000000000000001,0.29999999999999999],"Res_Type":"Double","Res":[1.1000000000000001,1.0900000000000001,1.1100000000000001],"Children":[{"Value":[],"Data_Type":"nil","Res_Probs":[],"Res_Type":"nil","Res":[],"Children":null,"Valid":false,"Hash":-1},{"Value":[133.397605,266.79521],"Data_Type":"Double","Res_Probs":[0.5,0.5],"Res_Type":"Double","Res":[1.0900000000000001,1.1100000000000001],"Children":[{"Value":[],"Data_Type":"nil","Res_Probs":[1],"Res_Type":"Double","Res":[1.1100000000000001],"Children":null,"Valid":true,"Hash":-1},{"Value":[],"Data_Type":"nil","Res_Probs":[1],"Res_Type":"Double","Res":[1.0900000000000001],"Children":null,"Valid":true,"Hash":-1}],"Valid":true,"Hash":2},{"Value":[],"Data_Type":"nil","Res_Probs":[1],"Res_Type":"Double","Res":[1.1000000000000001],"Children":null,"Valid":true,"Hash":-1},{"Value":[256.44880000000001,512.89760000000001],"Data_Type":"Double","Res_Probs":[0.5,0.5],"Res_Type":"Double","Res":[1.1000000000000001,1.1100000000000001],"Children":[{"Value":[],"Data_Type":"nil","Res_Probs":[1],"Res_Type":"Double","Res":[1.1100000000000001],"Children":null,"Valid":true,"Hash":-1},{"Value":[],"Data_Type":"nil","Res_Probs":[1],"Res_Type":"Double","Res":[1.1000000000000001],"Children":null,"Valid":true,"Hash":-1}],"Valid":true,"Hash":2},{"Value":[],"Data_Type":"nil","Res_Probs":[],"Res_Type":"nil","Res":[],"Children":null,"Valid":false,"Hash":-1}],"Valid":true,"Hash":8},{"Value":[80.313997999999998,160.627996,240.94199399999999,321.25599199999999,401.56998999999996],"Data_Type":"Double","Res_Probs":[0.59999999999999998,0.10000000000000001,0.29999999999999999],"Res_Type":"Double","Res":[1.1000000000000001,1.0900000000000001,1.1100000000000001],"Children":[{"Value":[],"Data_Type":"nil","Res_Probs":[],"Res_Type":"nil","Res":[],"Children":null,"Valid":false,"Hash":-1},{"Value":[133.397605,266.79521],"Data_Type":"Double","Res_Probs":[0.5,0.5],"Res_Type":"Double","Res":[1.0900000000000001,1.1100000000000001],"Children":[{"Value":[],"Data_Type":"nil","Res_Probs":[1],"Res_Type":"Double","Res":[1.1100000000000001],"Children":null,"Valid":true,"Hash":-1},{"Value":[],"Data_Type":"nil","Res_Probs":[1],"Res_Type":"Double","Res":[1.0900000000000001],"Children":null,"Valid":true,"Hash":-1}],"Valid":true,"Hash":2},{"Value":[],"Data_Type":"nil","Res_Probs":[1],"Res_Type":"Double","Res":[1.1000000000000001],"Children":null,"Valid":true,"Hash":-1},{"Value":[256.44880000000001,512.89760000000001],"Data_Type":"Double","Res_Probs":[0.5,0.5],"Res_Type":"Double","Res":[1.1000000000000001,1.1100000000000001],"Children":[{"Value":[],"Data_Type":"nil","Res_Probs":[1],"Res_Type":"Double","Res":[1.1100000000000001],"Children":null,"Valid":true,"Hash":-1},{"Value":[],"Data_Type":"nil","Res_Probs":[1],"Res_Type":"Double","Res":[1.1000000000000001],"Children":null,"Valid":true,"Hash":-1}],"Valid":true,"Hash":2},{"Value":[],"Data_Type":"nil","Res_Probs":[],"Res_Type":"nil","Res":[],"Children":null,"Valid":false,"Hash":-1}],"Valid":true,"Hash":6},{"Value":[79.941919999999996,159.88383999999999,239.82576,319.76767999999998,399.70959999999997],"Data_Type":"Double","Res_Probs":[0.59999999999999998,0.10000000000000001,0.29999999999999999],"Res_Type":"Double","Res":[1.1000000000000001,1.0900000000000001,1.1100000000000001],"Children":[{"Value":[],"Data_Type":"nil","Res_Probs":[],"Res_Type":"nil","Res":[],"Children":null,"Valid":false,"Hash":-1},{"Value":[132.59014999999999,265.18029999999999],"Data_Type":"Double","Res_Probs":[0.5,0.5],"Res_Type":"Double","Res":[1.0900000000000001,1.1100000000000001],"Children":[{"Value":[],"Data_Type":"nil","Res_Probs":[1],"Res_Type":"Double","Res":[1.1100000000000001],"Children":null,"Valid":true,"Hash":-1},{"Value":[],"Data_Type":"nil","Res_Probs":[1],"Res_Type":"Double","Res":[1.0900000000000001],"Children":null,"Valid":true,"Hash":-1}],"Valid":true,"Hash":4},{"Value":[],"Data_Type":"nil","Res_Probs":[1],"Res_Type":"Double","Res":[1.1000000000000001],"Children":null,"Valid":true,"Hash":-1},{"Value":[256.50504999999998,513.01009999999997],"Data_Type":"Double","Res_Probs":[0.5,0.5],"Res_Type":"Double","Res":[1.1000000000000001,1.1100000000000001],"Children":[{"Value":[],"Data_Type":"nil","Res_Probs":[1],"Res_Type":"Double","Res":[1.1100000000000001],"Children":null,"Valid":true,"Hash":-1},{"Value":[],"Data_Type":"nil","Res_Probs":[1],"Res_Type":"Double","Res":[1.1000000000000001],"Children":null,"Valid":true,"Hash":-1}],"Valid":true,"Hash":4},{"Value":[],"Data_Type":"nil","Res_Probs":[],"Res_Type":"nil","Res":[],"Children":null,"Valid":false,"Hash":-1}],"Valid":true,"Hash":3},{"Value":[80.313997999999998,160.627996,240.94199399999999,321.25599199999999,401.56998999999996],"Data_Type":"Double","Res_Probs":[0.59999999999999998,0.10000000000000001,0.29999999999999999],"Res_Type":"Double","Res":[1.1000000000000001,1.0900000000000001,1.1100000000000001],"Children":[{"Value":[],"Data_Type":"nil","Res_Probs":[],"Res_Type":"nil","Res":[],"Children":null,"Valid":false,"Hash":-1},{"Value":[133.397605,266.79521],"Data_Type":"Double","Res_Probs":[0.5,0.5],"Res_Type":"Double","Res":[1.0900000000000001,1.1100000000000001],"Children":[{"Value":[],"Data_Type":"nil","Res_Probs":[1],"Res_Type":"Double","Res":[1.1100000000000001],"Children":null,"Valid":true,"Hash":-1},{"Value":[],"Data_Type":"nil","Res_Probs":[1],"Res_Type":"Double","Res":[1.0900000000000001],"Children":null,"Valid":true,"Hash":-1}],"Valid":true,"Hash":2},{"Value":[],"Data_Type":"nil","Res_Probs":[1],"Res_Type":"Double","Res":[1.1000000000000001],"Children":null,"Valid":true,"Hash":-1},{"Value":[256.44880000000001,512.89760000000001],"Data_Type":"Double","Res_Probs":[0.5,0.5],"Res_Type":"Double","Res":[1.1000000000000001,1.1100000000000001],"Children":[{"Value":[],"Data_Type":"nil","Res_Probs":[1],"Res_Type":"Double","Res":[1.1100000000000001],"Children":null,"Valid":true,"Hash":-1},{"Value":[],"Data_Type":"nil","Res_Probs":[1],"Res_Type":"Double","Res":[1.1000000000000001],"Children":null,"Valid":true,"Hash":-1}],"Valid":true,"Hash":2},{"Value":[],"Data_Type":"nil","Res_Probs":[],"Res_Type":"nil","Res":[],"Children":null,"Valid":false,"Hash":-1}],"Valid":true,"Hash":6},{"Value":[80.529520000000005,161.05904000000001,241.58856000000003,322.11808000000002,402.64760000000001],"Data_Type":"Double","Res_Probs":[0.20000000000000001,0.69999999999999996,0.10000000000000001],"Res_Type":"Double","Res":[1.1100000000000001,1.1000000000000001,1.0900000000000001],"Children":[{"Value":[],"Data_Type":"nil","Res_Probs":[],"Res_Type":"nil","Res":[],"Children":null,"Valid":false,"Hash":-1},{"Value":[133.30884499999999,266.61768999999998],"Data_Type":"Double","Res_Probs":[0.33333333333333331,0.66666666666666663],"Res_Type":"Double","Res":[1.1100000000000001,1.1000000000000001],"Children":[{"Value":[],"Data_Type":"nil","Res_Probs":[1],"Res_Type":"Double","Res":[1.1000000000000001],"Children":null,"Valid":true,"Hash":-1},{"Value":[],"Data_Type":"nil","Res_Probs":[1],"Res_Type":"Double","Res":[1.1100000000000001],"Children":null,"Valid":true,"Hash":-1}],"Valid":true,"Hash":3},{"Value":[209.16500500000001,418.33001000000002],"Data_Type":"Double","Res_Probs":[0.33333333333333331,0.66666666666666663],"Res_Type":"Double","Res":[1.1100000000000001,1.1000000000000001],"Children":[{"Value":[],"Data_Type":"nil","Res_Probs":[1],"Res_Type":"Double","Res":[1.1000000000000001],"Children":null,"Valid":true,"Hash":-1},{"Value":[],"Data_Type":"nil","Res_Probs":[1],"Res_Type":"Double","Res":[1.1100000000000001],"Children":null,"Valid":true,"Hash":-1}],"Valid":true,"Hash":3},{"Value":[265.29229499999997,530.58458999999993],"Data_Type":"Double","Res_Probs":[0.75,0.25],"Res_Type":"Double","Res":[1.1000000000000001,1.0900000000000001],"Children":[{"Value":[],"Data_Type":"nil","Res_Probs":[1],"Res_Type":"Double","Res":[1.0900000000000001],"Children":null,"Valid":true,"Hash":-1},{"Value":[],"Data_Type":"nil","Res_Probs":[1],"Res_Type":"Double","Res":[1.1000000000000001],"Children":null,"Valid":true,"Hash":-1}],"Valid":true,"Hash":3},{"Value":[],"Data_Type":"nil","Res_Probs":[],"Res_Type":"nil","Res":[],"Children":null,"Valid":false,"Hash":-1}],"Valid":true,"Hash":2},{"Value":[80.383919999999989,160.76783999999998,241.15175999999997,321.53567999999996,401.91959999999995],"Data_Type":"Double","Res_Probs":[0.20000000000000001,0.69999999999999996,0.10000000000000001],"Res_Type":"Double","Res":[1.1100000000000001,1.1000000000000001,1.0900000000000001],"Children":[{"Value":[],"Data_Type":"nil","Res_Probs":[],"Res_Type":"nil","Res":[],"Children":null,"Valid":false,"Hash":-1},{"Value":[132.514995,265.02999],"Data_Type":"Double","Res_Probs":[0.33333333333333331,0.66666666666666663],"Res_Type":"Double","Res":[1.1100000000000001,1.1000000000000001],"Children":[{"Value":[],"Data_Type":"nil","Res_Probs":[1],"Res_Type":"Double","Res":[1.1000000000000001],"Children":null,"Valid":true,"Hash":-1},{"Value":[],"Data_Type":"nil","Res_Probs":[1],"Res_Type":"Double","Res":[1.1100000000000001],"Children":null,"Valid":true,"Hash":-1}],"Valid":true,"Hash":5},{"Value":[207.72250500000001,415.44501000000002],"Data_Type":"Double","Res_Probs":[0.33333333333333331,0.66666666666666663],"Res_Type":"Double","Res":[1.1100000000000001,1.1000000000000001],"Children":[{"Value":[],"Data_Type":"nil","Res_Probs":[1],"Res_Type":"Double","Res":[1.1000000000000001],"Children":null,"Valid":true,"Hash":-1},{"Value":[],"Data_Type":"nil","Res_Probs":[1],"Res_Type":"Double","Res":[1.1100000000000001],"Children":null,"Valid":true,"Hash":-1}],"Valid":true,"Hash":5},{"Value":[264.63999999999999,529.27999999999997],"Data_Type":"Double","Res_Probs":[0.75,0.25],"Res_Type":"Double","Res":[1.1000000000000001,1.0900000000000001],"Children":[{"Value":[261.55249000000003,523.10498000000007],"Data_Type":"Double","Res_Probs":[0.5,0.5],"Res_Type":"Double","Res":[1.0900000000000001,1.1000000000000001],"Children":[{"Value":[],"Data_Type":"nil","Res_Probs":[],"Res_Type":"nil","Res":[],"Children":null,"Valid":false,"Hash":-1},{"Value":[],"Data_Type":"nil","Res_Probs":[],"Res_Type":"nil","Res":[],"Children":null,"Valid":false,"Hash":-1}],"Valid":true,"Hash":6},{"Value":[],"Data_Type":"nil","Res_Probs":[1],"Res_Type":"Double","Res":[1.1000000000000001],"Children":null,"Valid":true,"Hash":-1}],"Valid":true,"Hash":5},{"Value":[],"Data_Type":"nil","Res_Probs":[],"Res_Type":"nil","Res":[],"Children":null,"Valid":false,"Hash":-1}],"Valid":true,"Hash":3},{"Value":[80.529520000000005,161.05904000000001,241.58856000000003,322.11808000000002,402.64760000000001],"Data_Type":"Double","Res_Probs":[0.20000000000000001,0.69999999999999996,0.10000000000000001],"Res_Type":"Double","Res":[1.1100000000000001,1.1000000000000001,1.0900000000000001],"Children":[{"Value":[],"Data_Type":"nil","Res_Probs":[],"Res_Type":"nil","Res":[],"Children":null,"Valid":false,"Hash":-1},{"Value":[133.30884499999999,266.61768999999998],"Data_Type":"Double","Res_Probs":[0.33333333333333331,0.66666666666666663],"Res_Type":"Double","Res":[1.1100000000000001,1.1000000000000001],"Children":[{"Value":[],"Data_Type":"nil","Res_Probs":[1],"Res_Type":"Double","Res":[1.1000000000000001],"Children":null,"Valid":true,"Hash":-1},{"Value":[],"Data_Type":"nil","Res_Probs":[1],"Res_Type":"Double","Res":[1.1100000000000001],"Children":null,"Valid":true,"Hash":-1}],"Valid":true,"Hash":3},{"Value":[209.16500500000001,418.33001000000002],"Data_Type":"Double","Res_Probs":[0.33333333333333331,0.66666666666666663],"Res_Type":"Double","Res":[1.1100000000000001,1.1000000000000001],"Children":[{"Value":[],"Data_Type":"nil","Res_Probs":[1],"Res_Type":"Double","Res":[1.1000000000000001],"Children":null,"Valid":true,"Hash":-1},{"Value":[],"Data_Type":"nil","Res_Probs":[1],"Res_Type":"Double","Res":[1.1100000000000001],"Children":null,"Valid":true,"Hash":-1}],"Valid":true,"Hash":3},{"Value":[265.29229499999997,530.58458999999993],"Data_Type":"Double","Res_Probs":[0.75,0.25],"Res_Type":"Double","Res":[1.1000000000000001,1.0900000000000001],"Children":[{"Value":[],"Data_Type":"nil","Res_Probs":[1],"Res_Type":"Double","Res":[1.0900000000000001],"Children":null,"Valid":true,"Hash":-1},{"Value":[],"Data_Type":"nil","Res_Probs":[1],"Res_Type":"Double","Res":[1.1000000000000001],"Children":null,"Valid":true,"Hash":-1}],"Valid":true,"Hash":3},{"Value":[],"Data_Type":"nil","Res_Probs":[],"Res_Type":"nil","Res":[],"Children":null,"Valid":false,"Hash":-1}],"Valid":true,"Hash":2},{"Value":[80.798401999999996,161.59680399999999,242.39520599999997,323.19360799999998,403.99200999999999],"Data_Type":"Double","Res_Probs":[0.20000000000000001,0.40000000000000002,0.40000000000000002],"Res_Type":"Double","Res":[1.1200000000000001,1.1000000000000001,1.0900000000000001],"Children":[{"Value":[],"Data_Type":"nil","Res_Probs":[],"Res_Type":"nil","Res":[],"Children":null,"Valid":false,"Hash":-1},{"Value":[133.01010000000002,266.02020000000005],"Data_Type":"Double","Res_Probs":[0.5,0.5],"Res_Type":"Double","Res":[1.1200000000000001,1.0900000000000001],"Children":[{"Value":[],"Data_Type":"nil","Res_Probs":[1],"Res_Type":"Double","Res":[1.0900000000000001],"Children":null,"Valid":true,"Hash":-1},{"Value":[],"Data_Type":"nil","Res_Probs":[1],"Res_Type":"Double","Res":[1.1200000000000001],"Children":null,"Valid":true,"Hash":-1}],"Valid":true,"Hash":5},{"Value":[],"Data_Type":"nil","Res_Probs":[1],"Res_Type":"Double","Res":[1.1000000000000001],"Children":null,"Valid":true,"Hash":-1},{"Value":[260.94,521.88],"Data_Type":"Double","Res_Probs":[0.5,0.5],"Res_Type":"Double","Res":[1.1000000000000001,1.0900000000000001],"Children":[{"Value":[],"Data_Type":"nil","Res_Probs":[1],"Res_Type":"Double","Res":[1.1000000000000001],"Children":null,"Valid":true,"Hash":-1},{"Value":[],"Data_Type":"nil","Res_Probs":[1],"Res_Type":"Double","Res":[1.0900000000000001],"Children":null,"Valid":true,"Hash":-1}],"Valid":true,"Hash":5},{"Value":[],"Data_Type":"nil","Res_Probs":[],"Res_Type":"nil","Res":[],"Children":null,"Valid":false,"Hash":-1}],"Valid":true,"Hash":7},{"Value":[80.266002,160.532004,240.79800599999999,321.064008,401.33001000000002],"Data_Type":"Double","Res_Probs":[0.20000000000000001,0.40000000000000002,0.40000000000000002],"Res_Type":"Double","Res":[1.1200000000000001,1.1000000000000001,1.0900000000000001],"Children":[{"Value":[],"Data_Type":"nil","Res_Probs":[],"Res_Type":"nil","Res":[],"Children":null,"Valid":false,"Hash":-1},{"Value":[133.01010000000002,266.02020000000005],"Data_Type":"Double","Res_Probs":[0.5,0.5],"Res_Type":"Double","Res":[1.1200000000000001,1.0900000000000001],"Children":[{"Value":[],"Data_Type":"nil","Res_Probs":[1],"Res_Type":"Double","Res":[1.0900000000000001],"Children":null,"Valid":true,"Hash":-1},{"Value":[],"Data_Type":"nil","Res_Probs":[1],"Res_Type":"Double","Res":[1.1200000000000001],"Children":null,"Valid":true,"Hash":-1}],"Valid":true,"Hash":5},{"Value":[],"Data_Type":"nil","Res_Probs":[1],"Res_Type":"Double","Res":[1.1000000000000001],"Children":null,"Valid":true,"Hash":-1},{"Value":[260.94,521.88],"Data_Type":"Double","Res_Probs":[0.5,0.5],"Res_Type":"Double","Res":[1.1000000000000001,1.0900000000000001],"Children":[{"Value":[],"Data_Type":"nil","Res_Probs":[1],"Res_Type":"Double","Res":[1.1000000000000001],"Children":null,"Valid":true,"Hash":-1},{"Value":[],"Data_Type":"nil","Res_Probs":[1],"Res_Type":"Double","Res":[1.0900000000000001],"Children":null,"Valid":true,"Hash":-1}],"Valid":true,"Hash":5},{"Value":[],"Data_Type":"nil","Res_Probs":[],"Res_Type":"nil","Res":[],"Children":null,"Valid":false,"Hash":-1}],"Valid":true,"Hash":1},{"Value":[80.500002000000009,161.00000400000002,241.50000600000004,322.00000800000004,402.50001000000003],"Data_Type":"Double","Res_Probs":[0.20000000000000001,0.40000000000000002,0.40000000000000002],"Res_Type":"Double","Res":[1.1200000000000001,1.1000000000000001,1.0900000000000001],"Children":[{"Value":[],"Data_Type":"nil","Res_Probs":[],"Res_Type":"nil","Res":[],"Children":null,"Valid":false,"Hash":-1},{"Value":[134.107505,268.21501000000001],"Data_Type":"Double","Res_Probs":[0.5,0.5],"Res_Type":"Double","Res":[1.1200000000000001,1.0900000000000001],"Children":[{"Value":[],"Data_Type":"nil","Res_Probs":[1],"Res_Type":"Double","Res":[1.0900000000000001],"Children":null,"Valid":true,"Hash":-1},{"Value":[],"Data_Type":"nil","Res_Probs":[1],"Res_Type":"Double","Res":[1.1200000000000001],"Children":null,"Valid":true,"Hash":-1}],"Valid":true,"Hash":10},{"Value":[],"Data_Type":"nil","Res_Probs":[1],"Res_Type":"Double","Res":[1.1000000000000001],"Children":null,"Valid":true,"Hash":-1},{"Value":[259.36349999999999,518.72699999999998],"Data_Type":"Double","Res_Probs":[0.59999999999999998,0.40000000000000002],"Res_Type":"Double","Res":[1.1000000000000001,1.0900000000000001],"Children":[{"Value":[248.29244999999997,496.58489999999995],"Data_Type":"Double","Res_Probs":[0.75,0.25],"Res_Type":"Double","Res":[1.1000000000000001,1.0900000000000001],"Children":[{"Value":[],"Data_Type":"nil","Res_Probs":[],"Res_Type":"nil","Res":[],"Children":null,"Valid":false,"Hash":-1},{"Value":[],"Data_Type":"nil","Res_Probs":[],"Res_Type":"nil","Res":[],"Children":null,"Valid":false,"Hash":-1}],"Valid":true,"Hash":10},{"Value":[],"Data_Type":"nil","Res_Probs":[1],"Res_Type":"Double","Res":[1.0900000000000001],"Children":null,"Valid":true,"Hash":-1}],"Valid":true,"Hash":9},{"Value":[],"Data_Type":"nil","Res_Probs":[],"Res_Type":"nil","Res":[],"Children":null,"Valid":false,"Hash":-1}],"Valid":true,"Hash":2},{"Value":[80.266002,160.532004,240.79800599999999,321.064008,401.33001000000002],"Data_Type":"Double","Res_Probs":[0.20000000000000001,0.40000000000000002,0.40000000000000002],"Res_Type":"Double","Res":[1.1200000000000001,1.1000000000000001,1.0900000000000001],"Children":[{"Value":[],"Data_Type":"nil","Res_Probs":[],"Res_Type":"nil","Res":[],"Children":null,"Valid":false,"Hash":-1},{"Value":[133.01010000000002,266.02020000000005],"Data_Type":"Double","Res_Probs":[0.5,0.5],"Res_Type":"Double","Res":[1.1200000000000001,1.0900000000000001],"Children":[{"Value":[],"Data_Type":"nil","Res_Probs":[1],"Res_Type":"Double","Res":[1.0900000000000001],"Children":null,"Valid":true,"Hash":-1},{"Value":[],"Data_Type":"nil","Res_Probs":[1],"Res_Type":"Double","Res":[1.1200000000000001],"Children":null,"Valid":true,"Hash":-1}],"Valid":true,"Hash":5},{"Value":[],"Data_Type":"nil","Res_Probs":[1],"Res_Type":"Double","Res":[1.1000000000000001],"Children":null,"Valid":true,"Hash":-1},{"Value":[260.94,521.88],"Data_Type":"Double","Res_Probs":[0.5,0.5],"Res_Type":"Double","Res":[1.1000000000000001,1.0900000000000001],"Children":[{"Value":[],"Data_Type":"nil","Res_Probs":[1],"Res_Type":"Double","Res":[1.1000000000000001],"Children":null,"Valid":true,"Hash":-1},{"Value":[],"Data_Type":"nil","Res_Probs":[1],"Res_Type":"Double","Res":[1.0900000000000001],"Children":null,"Valid":true,"Hash":-1}],"Valid":true,"Hash":5},{"Value":[],"Data_Type":"nil","Res_Probs":[],"Res_Type":"nil","Res":[],"Children":null,"Valid":false,"Hash":-1}],"Valid":true,"Hash":1},{"Value":[80.266002,160.532004,240.79800599999999,321.064008,401.33001000000002],"Data_Type":"Double","Res_Probs":[0.20000000000000001,0.40000000000000002,0.40000000000000002],"Res_Type":"Double","Res":[1.1200000000000001,1.1000000000000001,1.0900000000000001],"Children":[{"Value":[],"Data_Type":"nil","Res_Probs":[],"Res_Type":"nil","Res":[],"Children":null,"Valid":false,"Hash":-1},{"Value":[133.58500000000001,267.17000000000002],"Data_Type":"Double","Res_Probs":[0.5,0.5],"Res_Type":"Double","Res":[1.1200000000000001,1.0900000000000001],"Children":[{"Value":[],"Data_Type":"nil","Res_Probs":[1],"Res_Type":"Double","Res":[1.0900000000000001],"Children":null,"Valid":true,"Hash":-1},{"Value":[],"Data_Type":"nil","Res_Probs":[1],"Res_Type":"Double","Res":[1.1200000000000001],"Children":null,"Valid":true,"Hash":-1}],"Valid":true,"Hash":6},{"Value":[],"Data_Type":"nil","Res_Probs":[1],"Res_Type":"Double","Res":[1.1000000000000001],"Children":null,"Valid":true,"Hash":-1},{"Value":[260.34749499999998,520.69498999999996],"Data_Type":"Double","Res_Probs":[0.5,0.5],"Res_Type":"Double","Res":[1.1000000000000001,1.0900000000000001],"Children":[{"Value":[],"Data_Type":"nil","Res_Probs":[1],"Res_Type":"Double","Res":[1.1000000000000001],"Children":null,"Valid":true,"Hash":-1},{"Value":[],"Data_Type":"nil","Res_Probs":[1],"Res_Type":"Double","Res":[1.0900000000000001],"Children":null,"Valid":true,"Hash":-1}],"Valid":true,"Hash":6},{"Value":[],"Data_Type":"nil","Res_Probs":[],"Res_Type":"nil","Res":[],"Children":null,"Valid":false,"Hash":-1}],"Valid":true,"Hash":1},{"Value":[80.266002,160.532004,240.79800599999999,321.064008,401.33001000000002],"Data_Type":"Double","Res_Probs":[0.20000000000000001,0.40000000000000002,0.40000000000000002],"Res_Type":"Double","Res":[1.1200000000000001,1.1000000000000001,1.0900000000000001],"Children":[{"Value":[],"Data_Type":"nil","Res_Probs":[],"Res_Type":"nil","Res":[],"Children":null,"Valid":false,"Hash":-1},{"Value":[133.01010000000002,266.02020000000005],"Data_Type":"Double","Res_Probs":[0.5,0.5],"Res_Type":"Double","Res":[1.1200000000000001,1.0900000000000001],"Children":[{"Value":[],"Data_Type":"nil","Res_Probs":[1],"Res_Type":"Double","Res":[1.0900000000000001],"Children":null,"Valid":true,"Hash":-1},{"Value":[],"Data_Type":"nil","Res_Probs":[1],"Res_Type":"Double","Res":[1.1200000000000001],"Children":null,"Valid":true,"Hash":-1}],"Valid":true,"Hash":5},{"Value":[],"Data_Type":"nil","Res_Probs":[1],"Res_Type":"Double","Res":[1.1000000000000001],"Children":null,"Valid":true,"Hash":-1},{"Value":[260.94,521.88],"Data_Type":"Double","Res_Probs":[0.5,0.5],"Res_Type":"Double","Res":[1.1000000000000001,1.0900000000000001],"Children":[{"Value":[],"Data_Type":"nil","Res_Probs":[1],"Res_Type":"Double","Res":[1.1000000000000001],"Children":null,"Valid":true,"Hash":-1},{"Value":[],"Data_Type":"nil","Res_Probs":[1],"Res_Type":"Double","Res":[1.0900000000000001],"Children":null,"Valid":true,"Hash":-1}],"Valid":true,"Hash":5},{"Value":[],"Data_Type":"nil","Res_Probs":[],"Res_Type":"nil","Res":[],"Children":null,"Valid":false,"Hash":-1}],"Valid":true,"Hash":1},{"Value":[80.683458000000002,161.366916,242.05037400000001,322.73383200000001,403.41728999999998],"Data_Type":"Double","Res_Probs":[0.20000000000000001,0.40000000000000002,0.40000000000000002],"Res_Type":"Double","Res":[1.1200000000000001,1.1000000000000001,1.0900000000000001],"Children":[{"Value":[],"Data_Type":"nil","Res_Probs":[],"Res_Type":"nil","Res":[],"Children":null,"Valid":false,"Hash":-1},{"Value":[133.01010000000002,266.02020000000005],"Data_Type":"Double","Res_Probs":[0.5,0.5],"Res_Type":"Double","Res":[1.1200000000000001,1.0900000000000001],"Children":[{"Value":[],"Data_Type":"nil","Res_Probs":[1],"Res_Type":"Double","Res":[1.0900000000000001],"Children":null,"Valid":true,"Hash":-1},{"Value":[],"Data_Type":"nil","Res_Probs":[1],"Res_Type":"Double","Res":[1.1200000000000001],"Children":null,"Valid":true,"Hash":-1}],"Valid":true,"Hash":5},{"Value":[],"Data_Type":"nil","Res_Probs":[1],"Res_Type":"Double","Res":[1.1000000000000001],"Children":null,"Valid":true,"Hash":-1},{"Value":[260.94,521.88],"Data_Type":"Double","Res_Probs":[0.5,0.5],"Res_Type":"Double","Res":[1.1000000000000001,1.0900000000000001],"Children":[{"Value":[],"Data_Type":"nil","Res_Probs":[1],"Res_Type":"Double","Res":[1.1000000000000001],"Children":null,"Valid":true,"Hash":-1},{"Value":[],"Data_Type":"nil","Res_Probs":[1],"Res_Type":"Double","Res":[1.0900000000000001],"Children":null,"Valid":true,"Hash":-1}],"Valid":true,"Hash":5},{"Value":[],"Data_Type":"nil","Res_Probs":[],"Res_Type":"nil","Res":[],"Children":null,"Valid":false,"Hash":-1}],"Valid":true,"Hash":8},{"Value":[128.79407,257.58814000000001,386.38220999999999],"Data_Type":"Double","Res_Probs":[0.69999999999999996,0.10000000000000001,0.20000000000000001],"Res_Type":"Double","Res":[1.1000000000000001,1.1299999999999999,1.1100000000000001],"Children":[{"Value":[],"Data_Type":"nil","Res_Probs":[1],"Res_Type":"Double","Res":[1.1100000000000001],"Children":null,"Valid":true,"Hash":-1},{"Value":[187.566395,375.13279],"Data_Type":"Double","Res_Probs":[0.8571428571428571,0.14285714285714285],"Res_Type":"Double","Res":[1.1000000000000001,1.1299999999999999],"Children":[{"Value":[],"Data_Type":"nil","Res_Probs":[1],"Res_Type":"Double","Res":[1.1000000000000001],"Children":null,"Valid":true,"Hash":-1},{"Value":[],"Data_Type":"nil","Res_Probs":[1],"Res_Type":"Double","Res":[1.1299999999999999],"Children":null,"Valid":true,"Hash":-1}],"Valid":true,"Hash":5},{"Value":[259.291,518.58199999999999],"Data_Type":"Double","Res_Probs":[0.5,0.5],"Res_Type":"Double","Res":[1.1100000000000001,1.1000000000000001],"Children":[{"Value":[],"Data_Type":"nil","Res_Probs":[1],"Res_Type":"Double","Res":[1.1100000000000001],"Children":null,"Valid":true,"Hash":-1},{"Value":[],"Data_Type":"nil","Res_Probs":[1],"Res_Type":"Double","Res":[1.1000000000000001],"Children":null,"Valid":true,"Hash":-1}],"Valid":true,"Hash":5}],"Valid":true,"Hash":4},{"Value":[128.36666333333332,256.73332666666664,385.09998999999993],"Data_Type":"Double","Res_Probs":[0.69999999999999996,0.10000000000000001,0.20000000000000001],"Res_Type":"Double","Res":[1.1000000000000001,1.1299999999999999,1.1100000000000001],"Children":[{"Value":[],"Data_Type":"nil","Res_Probs":[1],"Res_Type":"Double","Res":[1.1100000000000001],"Children":null,"Valid":true,"Hash":-1},{"Value":[187.08500000000001,374.17000000000002],"Data_Type":"Double","Res_Probs":[0.8571428571428571,0.14285714285714285],"Res_Type":"Double","Res":[1.1000000000000001,1.1299999999999999],"Children":[{"Value":[],"Data_Type":"nil","Res_Probs":[1],"Res_Type":"Double","Res":[1.1000000000000001],"Children":null,"Valid":true,"Hash":-1},{"Value":[],"Data_Type":"nil","Res_Probs":[1],"Res_Type":"Double","Res":[1.1299999999999999],"Children":null,"Valid":true,"Hash":-1}],"Valid":true,"Hash":3},{"Value":[259.98500000000001,519.97000000000003],"Data_Type":"Double","Res_Probs":[0.5,0.5],"Res_Type":"Double","Res":[1.1100000000000001,1.1000000000000001],"Children":[{"Value":[],"Data_Type":"nil","Res_Probs":[1],"Res_Type":"Double","Res":[1.1100000000000001],"Children":null,"Valid":true,"Hash":-1},{"Value":[],"Data_Type":"nil","Res_Probs":[1],"Res_Type":"Double","Res":[1.1000000000000001],"Children":null,"Valid":true,"Hash":-1}],"Valid":true,"Hash":3}],"Valid":true,"Hash":6},{"Value":[128.79407,257.58814000000001,386.38220999999999],"Data_Type":"Double","Res_Probs":[0.69999999999999996,0.10000000000000001,0.20000000000000001],"Res_Type":"Double","Res":[1.1000000000000001,1.1299999999999999,1.1100000000000001],"Children":[{"Value":[],"Data_Type":"nil","Res_Probs":[1],"Res_Type":"Double","Res":[1.1100000000000001],"Children":null,"Valid":true,"Hash":-1},{"Value":[187.060745,374.12148999999999],"Data_Type":"Double","Res_Probs":[0.8571428571428571,0.14285714285714285],"Res_Type":"Double","Res":[1.1000000000000001,1.1299999999999999],"Children":[{"Value":[],"Data_Type":"nil","Res_Probs":[1],"Res_Type":"Double","Res":[1.1000000000000001],"Children":null,"Valid":true,"Hash":-1},{"Value":[],"Data_Type":"nil","Res_Probs":[1],"Res_Type":"Double","Res":[1.1299999999999999],"Children":null,"Valid":true,"Hash":-1}],"Valid":true,"Hash":2},{"Value":[260.42999499999996,520.85998999999993],"Data_Type":"Double","Res_Probs":[0.5,0.5],"Res_Type":"Double","Res":[1.1100000000000001,1.1000000000000001],"Children":[{"Value":[],"Data_Type":"nil","Res_Probs":[1],"Res_Type":"Double","Res":[1.1100000000000001],"Children":null,"Valid":true,"Hash":-1},{"Value":[],"Data_Type":"nil","Res_Probs":[1],"Res_Type":"Double","Res":[1.1000000000000001],"Children":null,"Valid":true,"Hash":-1}],"Valid":true,"Hash":2}],"Valid":true,"Hash":4},{"Value":[128.79407,257.58814000000001,386.38220999999999],"Data_Type":"Double","Res_Probs":[0.69999999999999996,0.10000000000000001,0.20000000000000001],"Res_Type":"Double","Res":[1.1000000000000001,1.1299999999999999,1.1100000000000001],"Children":[{"Value":[],"Data_Type":"nil","Res_Probs":[1],"Res_Type":"Double","Res":[1.1100000000000001],"Children":null,"Valid":true,"Hash":-1},{"Value":[186.751045,373.50209000000001],"Data_Type":"Double","Res_Probs":[0.8571428571428571,0.14285714285714285],"Res_Type":"Double","Res":[1.1000000000000001,1.1299999999999999],"Children":[{"Value":[],"Data_Type":"nil","Res_Probs":[1],"Res_Type":"Double","Res":[1.1000000000000001],"Children":null,"Valid":true,"Hash":-1},{"Value":[],"Data_Type":"nil","Res_Probs":[1],"Res_Type":"Double","Res":[1.1299999999999999],"Children":null,"Valid":true,"Hash":-1}],"Valid":true,"Hash":1},{"Value":[259.32570999999996,518.65141999999992],"Data_Type":"Double","Res_Probs":[0.5,0.5],"Res_Type":"Double","Res":[1.1100000000000001,1.1000000000000001],"Children":[{"Value":[],"Data_Type":"nil","Res_Probs":[1],"Res_Type":"Double","Res":[1.1100000000000001],"Children":null,"Valid":true,"Hash":-1},{"Value":[],"Data_Type":"nil","Res_Probs":[1],"Res_Type":"Double","Res":[1.1000000000000001],"Children":null,"Valid":true,"Hash":-1}],"Valid":true,"Hash":1}],"Valid":true,"Hash":4},{"Value":[128.49466333333334,256.98932666666667,385.48399000000001],"Data_Type":"Double","Res_Probs":[0.69999999999999996,0.10000000000000001,0.20000000000000001],"Res_Type":"Double","Res":[1.1000000000000001,1.1299999999999999,1.1100000000000001],"Children":[{"Value":[],"Data_Type":"nil","Res_Probs":[1],"Res_Type":"Double","Res":[1.1100000000000001],"Children":null,"Valid":true,"Hash":-1},{"Value":[0.33333333333333326,1.6666666666666665,3],"Data_Type":"Double","Res_Probs":[0.8571428571428571,0.14285714285714285],"Res_Type":"Double","Res":[1.1000000000000001,1.1299999999999999],"Children":[{"Value":[],"Data_Type":"nil","Res_Probs":[1],"Res_Type":"Double","Res":[1.1000000000000001],"Children":null,"Valid":true,"Hash":-1},{"Value":[],"Data_Type":"nil","Res_Probs":[1],"Res_Type":"Double","Res":[1.1299999999999999],"Children":null,"Valid":true,"Hash":-1},{"Value":[],"Data_Type":"nil","Res_Probs":[1],"Res_Type":"Double","Res":[1.1000000000000001],"Children":null,"Valid":true,"Hash":-1}],"Valid":true,"Hash":0},{"Value":[259.32570999999996,518.65141999999992],"Data_Type":"Double","Res_Probs":[0.5,0.5],"Res_Type":"Double","Res":[1.1100000000000001,1.1000000000000001],"Children":[{"Value":[],"Data_Type":"nil","Res_Probs":[1],"Res_Type":"Double","Res":[1.1100000000000001],"Children":null,"Valid":true,"Hash":-1},{"Value":[],"Data_Type":"nil","Res_Probs":[1],"Res_Type":"Double","Res":[1.1000000000000001],"Children":null,"Valid":true,"Hash":-1}],"Valid":true,"Hash":1}],"Valid":true,"Hash":5},{"Value":[128.49466333333334,256.98932666666667,385.48399000000001],"Data_Type":"Double","Res_Probs":[0.69999999999999996,0.10000000000000001,0.20000000000000001],"Res_Type":"Double","Res":[1.1000000000000001,1.1299999999999999,1.1100000000000001],"Children":[{"Value":[],"Data_Type":"nil","Res_Probs":[1],"Res_Type":"Double","Res":[1.1100000000000001],"Children":null,"Valid":true,"Hash":-1},{"Value":[0.33333333333333326,1.6666666666666665,3],"Data_Type":"Double","Res_Probs":[0.8571428571428571,0.14285714285714285],"Res_Type":"Double","Res":[1.1000000000000001,1.1299999999999999],"Children":[{"Value":[],"Data_Type":"nil","Res_Probs":[1],"Res_Type":"Double","Res":[1.1000000000000001],"Children":null,"Valid":true,"Hash":-1},{"Value":[],"Data_Type":"nil","Res_Probs":[1],"Res_Type":"Double","Res":[1.1299999999999999],"Children":null,"Valid":true,"Hash":-1},{"Value":[],"Data_Type":"nil","Res_Probs":[1],"Res_Type":"Double","Res":[1.1000000000000001],"Children":null,"Valid":true,"Hash":-1}],"Valid":true,"Hash":0},{"Value":[261.25079500000004,522.50159000000008],"Data_Type":"Double","Res_Probs":[0.5,0.5],"Res_Type":"Double","Res":[1.1100000000000001,1.1000000000000001],"Children":[{"Value":[],"Data_Type":"nil","Res_Probs":[1],"Res_Type":"Double","Res":[1.1000000000000001],"Children":null,"Valid":true,"Hash":-1},{"Value":[],"Data_Type":"nil","Res_Probs":[1],"Res_Type":"Double","Res":[1.1100000000000001],"Children":null,"Valid":true,"Hash":-1}],"Valid":true,"Hash":9}],"Valid":true,"Hash":5}]}